{
  "litserve": {
    "florence": {
      "average": 0.10415911674499512,
      "min": 0.10415911674499512,
      "max": 0.10415911674499512
    },
    "hdbscan": {
      "average": 0.0065708160400390625,
      "min": 0.0065708160400390625,
      "max": 0.0065708160400390625
    },
    "total": {
      "average": 82.99984312057495,
      "min": 82.99984312057495,
      "max": 82.99984312057495
    }
  },
  "direct": {
    "florence": {
      "average": 0.10415410995483398,
      "min": 0.10415410995483398,
      "max": 0.10415410995483398
    },
    "hdbscan": {
      "average": 0.003406047821044922,
      "min": 0.003406047821044922,
      "max": 0.003406047821044922
    },
    "total": {
      "average": 97.63095712661743,
      "min": 97.63095712661743,
      "max": 97.63095712661743
    }
  }
}